the,1337
movies,1126
of,607
in,582
movie,564
what,545
me,539
show,494
for,472
is,335
find,312
who,303
i,295
to,271
a,236
was,226
by,221
list,211
about,208
produced,171
directed,169
did,162
are,157
how,152
all,137
with,125
want,120
can,120
director,115
you,113
search,111
information,109
films,104
made,103
from,101
on,100
rated,99
rating,98
will,98
when,97
see,97
released,96
that,95
's,91
finding,84
spielberg,83
nemo,83
much,79
some,78
has,78
like,78
budget,78
look,75
language,71
please,69
and,68
avatar,67
star,67
revenue,66
pg,65
would,62
have,61
producer,59
get,58
up,58
life,57
wars,56
date,55
know,55
ferrell,54
name,54
tom,53
this,53
info,53
r,52
steven,52
twenty,50
actor,50
release,49
make,49
dancing,49
tell,49
cast,49
beautiful,48
give,47
which,47
dirty,47
country,46
house,46
out,45
french,44
g,44
spanish,44
genre,44
watch,44
where,44
at,44
need,44
street,43
july,43
film,42
many,41
end,41
hitch,40
played,40
black,38
any,37
thirteen,37
campaign,37
does,36
were,35
company,34
be,33
names,33
actors,32
reviews,31
do,31
more,31
starred,30
crew,30
pitt,29
brad,29
hitchcock,29
swan,28
direct,27
lionsgate,27
twelve,27
hanks,27
display,26
details,26
cruise,26
new,26
robert,25
been,25
four,25
there,24
gross,24
it,24
only,23
directors,23
money,23
time,22
page,22
year,22
come,22
alfred,22
wind,22
gone,22
titanic,22
avengers,22
france,20
my,20
cost,20
top,20
zombies,19
woods,19
cabin,19
looper,19
wise,19
looking,19
man,19
travel,18
other,18
james,18
dark,18
apollo,18
eastwood,17
clint,17
ratings,17
japanese,17
zombie,17
production,17
stewart,17
evil,17
german,16
pg-13,16
paramount,16
japan,16
english,16
hotel,16
stephen,16
comedy,16
produce,16
kristen,16
am,16
cars,15
fox,15
italian,15
jolie,15
angelina,15
king,15
cameron,15
step,15
old,15
godfather,15
famous,14
recent,14
filmed,14
nine,14
music,14
gilda,14
love,14
resident,14
gardening,13
omg,13
one,13
warner,13
starring,13
lee,13
mirror,13
he,13
vidor,13
stark,13
ray,13
done,13
heroine,13
acted,13
knight,13
america,13
lead,13
september,12
oh,12
an,12
century,12
best,12
pictures,12
latest,12
george,12
sound,12
foreign,12
lion,12
night,12
office,11
box,11
good,11
transylvania,11
bring,11
horror,11
them,11
came,11
charles,11
producers,11
albert,11
2,11
batman,11
women,11
stars,11
twilight,11
actress,11
hope,11
orange,10
awards,10
bio,10
howard,10
ron,10
playing,10
john,10
korean,10
spain,10
scary,10
russian,10
indian,10
god,10
grease,10
great,10
ruddy,10
park,10
jurassic,10
play,10
two,10
3,10
pretty,10
images,9
classic,9
three,9
twentieth,9
as,9
canada,9
videos,9
last,9
they,9
type,9
et,9
day,9
war,9
woody,9
smith,9
take,9
go,9
gun,9
amazing,9
flags,8
skating,8
ice,8
brothers,8
chinese,8
gibson,8
mel,8
hindi,8
related,8
if,8
view,8
lord,8
person,8
spiderman,8
thoda,8
allen,8
writers,8
freedom,8
help,8
barfi,8
tum,8
hum,8
games,8
hunger,8
now,8
iron,8
harry,8
vulgaria,8
main,8
popular,7
million,7
eleven,7
fourteen,7
live,7
parental,7
bale,7
disney,7
appropriate,7
kids,7
current,7
synopsis,7
england,7
canadian,7
bruce,7
romantic,7
lucas,7
martin,7
spoken,7
girl,7
return,7
rings,7
hard,7
dredd,7
little,7
directing,7
les,7
united,7
anderson,7
lester,7
harris,7
ed,7
big,7
men,7
guy,7
kill,7
trailer,6
won,6
win,6
guidance,6
impossible,6
mission,6
2012,6
created,6
nineteen,6
age,6
terminator,6
ants,6
pull,6
biography,6
most,6
releases,6
episode,6
-,6
christian,6
stone,6
or,6
british,6
people,6
dreamworks,6
dramas,6
based,6
usa,6
us,6
'd,6
earnings,6
original,6
interested,6
field,6
:,6
first,6
story,6
states,6
darla,6
scorsese,6
richard,6
eight,6
greek,6
total,6
detail,6
set,6
plays,6
video,5
flag,5
mean,5
highlighted,5
ten,5
dollars,5
point,5
car,5
potter,5
tv,5
generated,5
five,5
curve,5
trouble,5
detailed,5
action,5
oliver,5
freeman,5
morgan,5
diving,5
todd,5
select,5
world,5
tyler,5
run,5
jennifer,5
searchlight,5
india,5
romance,5
italy,5
comedies,5
drama,5
spike,5
leone,5
sergio,5
funny,5
d,5
coming,5
showing,5
expendables,5
paranorman,5
theatres,5
toy,5
kid,5
open,5
available,5
kevin,5
provide,5
family,5
forager,5
members,5
rocky,5
male,5
female,5
credits,5
oscars,4
award,4
trailers,4
picture,4
mother,4
your,4
map,4
why,4
esp,4
sports,4
kumar,4
dilip,4
amelie,4
seven,4
red,4
minutes,4
american,4
marley,4
debaters,4
think,4
prada,4
wears,4
devil,4
goto,4
johar,4
karan,4
iv,4
russia,4
streep,4
meryl,4
dutch,4
r-rated,4
future,4
back,4
anything,4
kareena,4
washington,4
denzel,4
die,4
danish,4
bros.,4
produces,4
uk,4
children,4
perry,4
bullock,4
sandra,4
miramax,4
swayze,4
patrick,4
jason,4
redford,4
locate,4
listing,4
speaking,4
send,4
germany,4
willis,4
scott,4
also,4
stanton,4
andrew,4
william,4
titles,4
not,4
ju,4
speak,4
kind,4
dreams,4
magnolias,4
steel,4
ghost,4
gump,4
white,4
lawless,4
long,4
theaters,4
over,4
title,4
making,4
24,4
origin,4
magic,4
pyaar,4
comes,4
patang,4
kati,4
victor,4
wonder,4
asia,4
musical,4
christ,4
passion,4
wedding,4
fat,4
studio,4
hollywood,4
woman,4
lucy,4
varsham,4
captain,4
charlie,4
shoot,4
winning,3
academy,3
dad,3
selected,3
viewer,3
stand,3
scale,3
ann,3
nr,3
oscar,3
countries,3
favorite,3
logos,3
let,3
these,3
searching,3
shrek,3
kahani,3
bananas,3
mom,3
arabic,3
bad,3
libraries,3
ages,3
eating,3
healthy,3
punjabi,3
paul,3
between,3
issues,3
religious,3
global,3
goes,3
!,3
mes,3
abbey,3
downton,3
3d,3
epic,3
rangers,3
power,3
ranger,3
sales,3
revenues,3
profit,3
receive,3
audience,3
work,3
behind,3
studios,3
sparkle,3
history,3
dawn,3
britain,3
generate,3
their,3
hathaway,3
sidney,3
full,3
scifi,3
africa,3
swedish,3
upcoming,3
universal,3
cusack,3
berry,3
halle,3
chopra,3
yash,3
mario,3
singer,3
pixar,3
concerning,3
murphy,3
eddie,3
walt,3
productions,3
norway,3
young,3
option,3
ireland,3
china,3
stuff,3
nc,3
chess,3
sort,3
results,3
statham,3
midler,3
bette,3
'm,3
another,3
mandarin,3
topic,3
I,3
something,3
b,3
congeniality,3
ms.,3
owen,3
clive,3
ford,3
brazil,3
rwanda,3
polish,3
professional,3
chaser,3
hero,3
different,3
considered,3
ted,3
superman,3
transformers,3
anne,3
possible,3
called,3
days,3
inception,3
huntsman,3
snow,3
shown,3
frankenstein,3
karate,3
jaws,3
gatsby,3
start,3
elizabeth,3
trainspotting,3
beauty,3
21,3
cell,3
godzilla,3
belongs,3
fleming,3
shot,3
hobbit,3
hunter,3
deer,3
hulk,3
must,3
spend,3
costs,3
pay,3
role,3
retribution,3
trap,3
parent,3
shows,3
born,3
character,3
't,3
facts,3
lost,3
review,2
worst,2
clips,2
seinfeld,2
doctor,2
sequel,2
version,2
difference,2
group,2
label,2
sb,2
means,2
news,2
jenn,2
mister,2
fun,2
panda,2
fo,2
kung,2
change,2
genres,2
fish,2
entitled,2
album,2
second,2
similar,2
married,2
sings,2
still,2
rent,2
netflix,2
put,2
criteria,2
years,2
earn,2
tarkovsky,2
christmas,2
alberts,2
turkish,2
space,2
boys,2
period,2
really,2
involving,2
apartheid,2
had,2
grey,2
sudow,2
von,2
paris,2
grossed,2
than,2
detective,2
documentaries,2
act,2
classics,2
2000,2
jones,2
indiana,2
daycare,2
daddy,2
going,2
miserables,2
place,2
breaking,2
1,2
mrs,2
mr,2
expensive,2
translyvania,2
opposite,2
african,2
starwars,2
seventieseven,2
beaver,2
dan,2
forrest,2
romeo,2
kindly,2
13,2
six,2
ok,2
land,2
should,2
small,2
possesion,2
profile,2
learn,2
relevant,2
companies,2
lately,2
grossing,2
high,2
hungarian,2
friendly,2
dead,2
fellows,2
julian,2
overview,2
horses,2
holmes,2
katie,2
exhibit,2
sally,2
ridley,2
animated,2
terry,2
fi,2
rate,2
career,2
his,2
break,2
arts,2
7,2
historical,2
michelle,2
clooney,2
abrams,2
jj,2
wb,2
bros,2
home,2
sheen,2
rickman,2
alan,2
singleton,2
father,2
cher,2
deal,2
mosfilm,2
vietnam,2
sean,2
mgm,2
stories,2
currently,2
g-rated,2
right,2
th,2
20,2
bay,2
michael,2
turkey,2
seventeen,2
nc-17,2
dogs,2
vampires,2
lawrence,2
etc,2
cuts,2
short,2
brian,2
tamil,2
chris,2
quentin,2
discuss,2
involves,2
paxton,2
bill,2
involve,2
thrillers,2
harrison,2
brooks,2
unkrich,2
whats,2
bings,2
scorcese,2
watching,2
bacon,2
packer,2
having,2
aankhen,2
believe,2
belle,2
la,2
anna,2
hangover,2
category,2
parenthood,2
words,2
1000,2
types,2
chips,2
1st,2
mechanic,2
perfect,2
mockingbird,2
platoon,2
green,2
goodfellas,2
whom,2
busters,2
network,2
seattle,2
sleepless,2
forest,2
listed,2
calendar,2
theatre,2
sleeping,2
while,2
yr,2
month,2
decade,2
miserable,2
outside,2
boots,2
shindler,2
weekend,2
separation,2
havre,2
flowers,2
diggs,2
taye,2
polley,2
sarah,2
characters,2
producing,2
identity,2
bourne,2
school,2
begins,2
bundle,2
buget,2
side,2
blind,2
birthday,2
jack,2
request,2
voice,2
appeared,2
esme,2
remember,2
complete,2
spider,2
taxi,2
exorcist,2
luke,2
critics,1
critic,1
theatrical,1
motion,1
her,1
seventies,1
violent,1
media,1
srilanka,1
mexico,1
london,1
heroes,1
nominated,1
known,1
zephereli,1
franco,1
cartoon,1
unkridge,1
highlights,1
preview,1
sandler,1
adam,1
our,1
greatest,1
boy,1
poitier,1
friend,1
noon,1
sheriff,1
son,1
crouch,1
barty,1
happy,1
richie,1
glee,1
teacher,1
gym,1
off,1
bueller,1
ferris,1
principal,1
doolittle,1
dr,1
season,1
shaft,1
projects,1
p,1
freebase,1
poularity,1
takes,1
knows,1
nobody,1
size,1
human,1
protrayed,1
charactors,1
topics,1
julie,1
blondes,1
sexy,1
photos,1
wilford,1
written,1
adventeurous,1
popularity,1
databases,1
noisy,1
grayscale,1
genuine,1
funnie,1
maps,1
sequal,1
try,1
same,1
standard,1
idea,1
whos,1
member,1
beatle,1
additional,1
makes,1
system,1
export,1
logo,1
greece,1
recommended,1
beginning,1
week,1
together,1
mill,1
dance,1
thirty,1
successfull,1
alone,1
directort,1
violence,1
nudity,1
sex,1
minue,1
dropdown,1
byes,1
expenses,1
daughter,1
sixteen,1
never,1
beatles,1
meet,1
feed,1
tag,1
keep,1
just,1
owned,1
werent,1
word,1
descrbe,1
could,1
public,1
mad,1
canceled,1
levels,1
determine,1
ad,1
greyscale,1
text,1
prince,1
stock,1
dress,1
script,1
anyone,1
conflits,1
anyother,1
arguments,1
acting,1
enjoy,1
records,1
festivals,1
des,1
orang,1
click,1
scare,1
monsters,1
sometimes,1
because,1
rates,1
bald,1
death,1
albery,1
cirus,1
miley,1
beast,1
water,1
unique,1
streets,1
houses,1
mend,1
health,1
herbs,1
plants,1
healing,1
works,1
city,1
job,1
gets,1
camping,1
bing,1
auqua,1
magazine,1
hired,1
quotes,1
wife,1
carpet,1
scenes,1
nightmares,1
after,1
dna,1
albums,1
4,1
mil,1
part,1
become,1
before,1
holocaust,1
sone,1
aged,1
middle,1
divorce,1
getting,1
pattinson,1
dating,1
dialect,1
sub-titles,1
soon,1
translated,1
specific,1
online,1
biographies,1
feature,1
buy,1
comedians,1
alive,1
moview,1
itself,1
prices,1
cheap,1
box-office,1
often,1
we,1
way,1
bride,1
princess,1
returns,1
signs,1
tales,1
shark,1
fiction,1
pulp,1
margin,1
'll,1
revinue,1
overall,1
numbers,1
sorcerer,1
accumalate,1
amount,1
ghostbusters,1
vengeance,1
spirit,1
rider,1
furious,1
fast,1
dragon,1
beaches,1
wall-e,1
',1
anchorman,1
flys,1
shack,1
caddy,1
stoy,1
fisher,1
antwon,1
amityville,1
irish,1
stathon,1
liongate,1
smurfs,1
seperation,1
caribean,1
pirates,1
download,1
akrend,1
documentary,1
ugly,1
punjaki,1
versions,1
norwegian,1
garayh,1
despicable,1
scheduled,1
government,1
crimes,1
unsolved,1
tips,1
president,1
race,1
preschool,1
revolution,1
october,1
into,1
talk,1
haunting,1
hair,1
gardens,1
care,1
lawn,1
culture,1
dragons,1
computers,1
church,1
chases,1
britian,1
siddly,1
armstrong,1
wolf,1
eighty,1
namitha,1
2010,1
brooke,1
kelly,1
duff,1
hillary,1
sevigny,1
chloe,1
murphey,1
brittney,1
child,1
safe,1
2009,1
1998,1
sweden,1
brown,1
portuguese,1
malayalam,1
showcase,1
around,1
sixties,1
ninety,1
fifties,1
eighties,1
aug,1
forty,1
above,1
ever,1
highest-grossing,1
sy,1
anime,1
zucker,1
trivikram,1
lot,1
teddy,1
wood,1
sam,1
choudary,1
worked,1
lassiter,1
greenberg,1
k,1
thousand,1
wildflowers,1
garden,1
ferrel,1
legal,1
sept,1
1995,1
dates,1
figures,1
thriller,1
wednesday,1
annette,1
paraiso,1
el,1
en,1
bastardos,1
tongue,1
9,1
businessman,1
art,1
raiders,1
older,1
simpsons,1
pelham,1
taking,1
seventy,1
clause,1
santa,1
rabbit,1
roger,1
jedi,1
d-war,1
crank,1
possed,1
inc,1
monster,1
legend,1
realase,1
maid,1
lies,1
secrets,1
located,1
moustache,1
honey,1
blood,1
budbrigeren,1
possession,1
discover,1
trying,1
puss,1
posseion,1
elm,1
nightmare,1
reported,1
left,1
e.t.,1
restless,1
pointier,1
antogonist,1
70s,1
skywalker,1
kyra,1
reba,1
leave,1
ethel,1
number,1
stephanie,1
lieutenant,1
wrote,1
beautfiul,1
length,1
profits,1
receipts,1
ticket,1
worldwide,1
viewers,1
restrictions,1
satyricon,1
pie,1
avenger,1
hornet,1
16,1
hold,1
clueless,1
adults,1
transylavania,1
rises,1
reccommended,1
mpaa,1
suitable,1
royale,1
casino,1
expecting,1
're,1
expect,1
dick,1
moby,1
thunder,1
thor,1
millionaire,1
slumdog,1
spaceballs,1
browse,1
madagascar,1
secretariat,1
responsible,1
vivian,1
gable,1
clark,1
profiles,1
pfiefer,1
connery,1
stats,1
roberts,1
julia,1
background,1
georges,1
returned,1
tidbits,1
informaion,1
farrell,1
twins,1
olsen,1
scorscese,1
childs,1
shelly,1
mcgovern,1
watson,1
emma,1
summary,1
homepage,1
suggestions,1
kannada,1
least,1
highest,1
reiner,1
rob,1
cukor,1
recently,1
cortlund,1
hungary,1
moives,1
reliance,1
pitch,1
nature,1
immigration,1
shepard,1
dax,1
lucus,1
dispaly,1
gambling,1
depp,1
johnny,1
basketball,1
check,1
data,1
bleibtreu,1
moritz,1
lumit,1
solo,1
han,1
vader,1
darth,1
copolla,1
frances,1
bengali,1
weinstein,1
childrens,1
abramson,1
niel,1
favorites,1
apocolypse,1
tonight,1
appear,1
damon,1
matt,1
fantasy,1
sci,1
south,1
mexican,1
compile,1
enterainment,1
adult,1
scotland,1
oldest,1
newest,1
starting,1
chrisian,1
during,1
nolan,1
union,1
gabrielle,1
prison,1
1990,1
since,1
chiranjeevi,1
phifer,1
kristenn,1
gyllenhaal,1
jake,1
entertainment,1
rock,1
castle,1
capra,1
frank,1
site,1
official,1
general,1
landau,1
jon,1
wes,1
procuced,1
deniro,1
guys,1
content,1
camp,1
rudy,1
mendes,1
eva,1
immigrants,1
plot,1
mystery,1
jackman,1
hugh,1
solondz,1
television,1
themed,1
flicks,1
chick,1
baumbach,1
noah,1
musicals,1
speilberg,1
filmography,1
glazer,1
spilberg,1
penn,1
kingdom,1
several,1
anymore,1
elvis,1
columbia,1
travolta,1
baseball,1
bruckheimer,1
jerry,1
17,1
hobby,1
regarding,1
gomez,1
selena,1
experience,1
japaneese,1
today,1
options,1
portugese,1
krishna,1
bala,1
zealand,1
footloose,1
beatiful,1
crowe,1
russell,1
aniston,1
diaz,1
infomation,1
every,1
costner,1
macdonald,1
laurie,1
europe,1
robberies,1
bank,1
palma,1
de,1
originally,1
columbus,1
paquin,1
terrantino,1
tarrantino,1
whose,1
themes,1
suspenseful,1
9-11,1
mood,1
don,1
demille,1
cecil,1
tony,1
barrymore,1
drew,1
shortcut,1
burton,1
tim,1
plots,1
chan,1
jackie,1
ryan,1
meg,1
sonnenfeld,1
barry,1
poland,1
ferell,1
particulars,1
westerns,1
tears,1
moscow,1
s,1
elling,1
wrath,1
aguirre,1
revanche,1
indochine,1
ondskan,1
bullhead,1
hamlet,1
karinia,1
languages,1
used,1
catergory,1
tommyknockers,1
13th,1
friday,1
annamayya,1
falls,1
rebel,1
patriot,1
girls,1
classification,1
describe,1
classified,1
rambo,1
master,1
mask,1
halloween,1
sandlot,1
surfer,1
soul,1
directs,1
else,1
thing,1
prejudice,1
pride,1
storm,1
t,1
e,1
grizzly,1
gables,1
incredibles,1
lambs,1
silence,1
floats,1
social,1
opening,1
away,1
pi,1
yet,1
herione,1
next,1
hitting,1
sinister,1
compliance,1
realease,1
activity,1
paranormal,1
happiness,1
relesed,1
scooby,1
debut,1
realese,1
possessed,1
relase,1
dollhouse,1
welcome,1
parador,1
moon,1
overboard,1
relased,1
birds,1
vow,1
may,1
mermaid,1
law,1
kinky,1
spanglish,1
blanca,1
casa,1
le,1
footnote,1
keaton,1
diane,1
republic,1
czech,1
streisand,1
barbra,1
score,1
composer,1
degeneres,1
ellen,1
cujo,1
kane,1
citizen,1
spent,1
budgeted,1
spending,1
giants,1
facing,1
courageous,1
turn,1
wrong,1
ladies,1
figure,1
cannot,1
savages,1
oz,1
wizard,1
tin,1
modern,1
acts,1
pitchperfect,1
game,1
simpson,1
homer,1
fury,1
nick,1
rising,1
free,1
oranges,1
voices,1
avergers,1
appolo,1
castmembers,1
stared,1
chewbakka,1
muvva,1
sirisiri,1
roll,1
hobbist,1
ranam,1
forever,1
robin,1
troy,1
costars,1
benigni,1
roberto,1
driver,1
angels,1
co-star,1
guido,1
dory,1
she,1
